id,layer,jev,27b,plus,max,多数票建议,human(1/0),事件甲,事件乙
2,pos,0.49,0.2,0.0,0.7,0,,类型:产品发布 阶段:planned 主体:蔚来 对象:乐道L90 动作:正式上市 范围:market=CN、channel=official、sku=乐道L90 时间:2025-07-31~2025,类型:产品发布 阶段:completed 主体:乐道 对象:乐道L90 动作:上市 范围:market=CN、channel=official、sku=乐道L90 时间:2025-07-01~2025
19,pos,0.4,0.2,1.0,0.0,0,,类型:policy_change 阶段:announced 主体:广汽埃安 对象:AION字母标 动作:全面启用AION字母标作为品牌全球标识 范围:market=GLOBAL、channel=off,类型:policy_change 阶段:announced 主体:广汽埃安 对象:AION品牌 动作:启用AION字母标作为品牌标志进行全球推广 范围:market=GLOBAL、channel=of
28,pos,0.69,0.0,1.0,0.2,,,类型:合作签约 阶段:completed 主体:昆明市人民政府、宁德时代 对象:三方战略合作协议 动作:签署三方战略合作协议 范围:market=CN、channel=official、locatio,类型:合作签约 阶段:completed 主体:昆明市人民政府、宁德时代 对象:三方战略合作协议 动作:签署三方战略合作协议 范围:market=CN、channel=official、locatio
34,pos,0.71,0.0,1.0,0.7,1,,类型:产品发布 阶段:completed 主体:联想、异构智算产业生态联盟 对象:《2025AI方案赋能白皮书》 动作:发布《2025AI方案赋能白皮书》 范围:market=CN、channel=o,类型:产品发布 阶段:completed 主体:联想集团有限公司、异构智算产业生态联盟 对象:《2025AI方案赋能白皮书》 动作:发布《2025AI方案赋能白皮书》 范围:market=CN、cha
40,pos,0.64,0.4,1.0,0.85,1,,类型:sales_report 阶段:completed 主体:仰望 对象:仰望U8 动作:交付第5000台 范围:market=CN、channel=official、sku=仰望U8、locati,类型:sales_report 阶段:completed 主体:比亚迪 对象:仰望U8 动作:达成5000台交付 范围:market=CN、channel=official、sku=仰望U8 时间:2
46,pos,0.82,0.0,1.0,0.85,1,,类型:sales_report 阶段:completed 主体:小鹏汽车 对象:小鹏汽车 动作:公布2024年12月、Q4及全年交付数据 范围:market=CN、channel=official、s,类型:sales_report 阶段:completed 主体:小鹏汽车 对象:小鹏汽车 动作:公布2024年12月交付量 范围:market=CN、channel=official、sku=全品牌 
53,pos,0.6,0.2,1.0,0.9,1,,类型:sales_report 阶段:completed 主体:理想汽车 对象:理想汽车 动作:公布8月交付数据 范围:market=CN、channel=official、sku=全系 时间:202,类型:sales_report 阶段:completed 主体:理想汽车 对象:理想汽车 动作:公布8月交付量 范围:market=CN、channel=official、sku=全系 时间:2024
58,pos,0.61,0.0,0.0,0.0,0,,类型:sales_report 阶段:completed 主体:小鹏汽车 对象:小鹏汽车 动作:公布2024年12月交付量 范围:market=CN、channel=official、sku=全品牌 ,类型:sales_report 阶段:completed 主体:小鹏汽车 对象:小鹏汽车 动作:公布2024年Q4交付量 范围:market=CN、channel=official、sku=全品牌 时
65,pos,0.92,1.0,1.0,0.2,1,,"类型:sales_report 阶段:completed 主体:智界 对象:智界R7、智界S7 动作:累计交付突破16万辆 范围:market=CN、sku=智界R7, 智界S7 时间:2026-05",类型:sales_report 阶段:completed 主体:智界 对象:智界R7、智界S7 动作:累计交付突破16万台 范围:market=CN、channel=official、sku=智界R7
66,pos,0.49,1.0,1.0,0.9,1,,"类型:sales_report 阶段:completed 主体:蔚来 对象:全新ES8 动作:完成第110,000台新车交付 范围:market=CN、channel=official、sku=全新E",类型:sales_report 阶段:completed 主体:蔚来 对象:全新ES8 动作:达成累计交付里程碑 范围:market=CN、channel=delivery、sku=全新ES8 时间:
68,pos,0.78,0.0,1.0,0.0,,,类型:产品发布 阶段:rumored 主体:OPPO 对象:OPPO K12 Plus 动作:现身跑分平台 Geekbench 范围:market=CN、channel=Geekbench、sku=P,类型:other 阶段:announced 主体:OPPO 对象:OPPO K12 Plus 动作:现身电信设备终端网并跑分 范围:market=CN、channel=official、sku=PKS
69,pos,0.91,0.35,1.0,0.9,1,,类型:sales_report 阶段:completed 主体:小鹏汽车 对象:小鹏汽车 动作:发布6月及上半年交付数据 范围:market=CN、channel=official 时间:2024-0,类型:sales_report 阶段:completed 主体:小鹏汽车 对象:小鹏汽车 动作:公布2024年上半年累计交付成绩 范围:market=CN、channel=official、sku=全
72,pos,0.58,0.0,0.0,0.0,0,,类型:financial_report 阶段:planned 主体:特斯拉 对象:第二季度财报 动作:计划发布第二季度财报 范围:market=GLOBAL、channel=official 时间:2,类型:financial_report 阶段:planned 主体:特斯拉 对象:完整季度财报 动作:发布完整季度财报 范围:market=Global、channel=official 时间:202
75,pos,0.4,0.9,1.0,0.85,1,,类型:investment 阶段:announced 主体:哔哩哔哩 对象:7亿美元可转换优先票据 动作:拟发行可转换优先票据 范围:market=HK、channel=official、locati,类型:investment 阶段:announced 主体:哔哩哔哩 对象:7亿美元可换股优先票据 动作:宣布拟发售可换股优先票据 范围:market=US、channel=official、sku=
77,pos,0.19,0.0,1.0,0.0,0,,类型:人事变动 阶段:announced 主体:网易、丁迎峰 对象:集团执行副总裁兼网络游戏部门负责人 动作:宣布丁迎峰退休 范围:market=CN、channel=official 时间:2025,类型:人事变动 阶段:completed 主体:丁迎峰 对象:网易 动作:退休 范围:market=CN 时间:2025-12-01~2025-12-31 [executive_change] (20
81,pos,0.79,0.85,1.0,0.2,1,,类型:sales_report 阶段:completed 主体:蔚来 对象:ES8 动作:摘得大型SUV及40万级车型销量双料冠军 范围:market=CN、channel=retail、sku=ES,类型:sales_report 阶段:completed 主体:蔚来 对象:蔚来ES8 动作:公布2026年7月零售销量 范围:market=CN、channel=retail、sku=ES8 时间:
83,pos,0.31,0.0,1.0,0.1,0,,类型:investment 阶段:announced 主体:哔哩哔哩 对象:借入股份 动作:购回借入股份 范围:market=HK、channel=official 时间:2026-09-04~202,类型:investment 阶段:announced 主体:哔哩哔哩 对象:借入股份 动作:计划购回借入股份 范围:market=US、channel=official、sku=借入股份 时间:202
87,pos,0.86,0.1,1.0,0.82,1,,类型:award 阶段:effective 主体:哔哩哔哩 对象:年度百大UP主 动作:揭晓年度百大UP主名单 范围:market=CN、channel=official、location=上海 时间,类型:award 阶段:completed 主体:哔哩哔哩 对象:2025年百大UP主 动作:发布2025年百大UP主榜单 范围:market=CN、channel=official 时间:2026-
91,pos,0.82,0.1,1.0,0.2,,,类型:policy_change 阶段:announced 主体:微信珊瑚安全 对象:《关于进一步规范人工智能生成合成内容标识的公告》 动作:发布规范AI生成合成内容标识的公告 范围:market=C,类型:policy_change 阶段:effective 主体:微信 对象:AI生成合成内容标识 动作:发布公告并实施标识提示 范围:market=CN、channel=official 时间:20
92,pos,0.61,0.1,1.0,0.8,1,,类型:other 阶段:effective 主体:网易 对象:部分项目人员 动作:进行正常业务调整与人员汰换 范围:market=CN、channel=official 时间:2026-03-18~2,类型:other 阶段:effective 主体:网易 对象:裁员传闻 动作:官方回应辟谣，称信息不实 范围:market=CN、channel=official 时间:2026-03-18~2026
96,pos,0.7,0.2,1.0,0.0,,,类型:policy_change 阶段:announced 主体:广汽集团 对象:“智行2027”行动计划 动作:发布“智行2027”行动计划 范围:market=CN、channel=beijing,类型:policy_change 阶段:announced 主体:广汽集团 对象:智能2027行动计划 动作:发布“智能2027”行动计划 范围:market=CN、channel=official、
101,pos,0.58,0.0,1.0,0.0,,,类型:sales_report 阶段:completed 主体:极氪 对象:极氪 动作:公布上半年销量及客单价 范围:market=CN、channel=official 时间:2026-08-17~,类型:sales_report 阶段:completed 主体:极氪 对象:极氪 动作:公布上半年累计销量 范围:market=CN 时间:2026-01-01~2026-06-30 [sales_r
105,pos,0.79,0.0,1.0,0.78,1,,类型:产品发布 阶段:planned 主体:哔哩哔哩、陈奕迅 对象:《FEAR and DREAMS: NOW is the only reality》 动作:独家上线巡演纪录片并直播陪看 范围:ma,类型:产品发布 阶段:effective 主体:哔哩哔哩 对象:陈奕迅巡演纪录片《FEAR and DREAMS: NOW is the only reality》、《FEAR and DREAMS演
110,pos,0.72,0.9,1.0,0.3,1,,类型:investment 阶段:announced 主体:广汽集团 对象:A股和H股股票 动作:宣布拟回购A股和H股股票 范围:market=CN、channel=official 时间:2024-,类型:investment 阶段:planned 主体:广汽集团 对象:A股、H股股票 动作:计划开展股票回购 范围:market=CN、channel=official 时间:2024-03-29~
111,pos,0.55,0.0,1.0,0.1,,,类型:sales_report 阶段:completed 主体:小米汽车 对象:小米汽车 动作:公布2025全年交付量 范围:market=CN 时间:2026-01-03~2026-01-04 [s,类型:sales_report 阶段:completed 主体:小米汽车 对象:小米汽车 动作:全年交付411082辆 范围:market=CN 时间:2025-01-01~2025-12-31 [s
114,pos,0.76,0.0,1.0,0.15,,,类型:sales_report 阶段:announced 主体:比亚迪 对象:新能源汽车 动作:披露2025年12月出口销量 范围:market=GLOBAL、channel=official、sku,类型:sales_report 阶段:completed 主体:比亚迪 对象:新能源汽车 动作:发布2025年12月产销快报 范围:market=GLOBAL、channel=official、sku
118,pos,0.8,0.0,1.0,0.0,,,类型:sales_report 阶段:completed 主体:上汽集团 对象:整车 动作:发布2025年上半年销量数据 范围:market=CN、channel=official、sku=整车 时间,类型:sales_report 阶段:completed 主体:上汽集团 对象:整车 动作:完成整车批售与零售 范围:market=CN、channel=official、sku=整车 时间:2025
126,pos,0.75,0.35,1.0,0.88,1,,类型:other 阶段:completed 主体:荣耀 对象:内部员工持股会议 动作:召开内部员工持股会议并回应IPO传闻 范围:market=CN、channel=internal 时间:2026-,类型:other 阶段:completed 主体:荣耀 对象:IPO终止传闻 动作:否认IPO终止传闻 范围:market=CN、channel=internal 时间:2026-05-01~2026
130,pos,0.91,0.2,1.0,0.85,1,,类型:产品发布 阶段:effective 主体:联想百应 对象:百应AI3.0 动作:发布百应AI3.0 范围:market=CN、channel=official、sku=百应AI3.0、locat,类型:产品发布 阶段:effective 主体:联想 对象:百应AI3.0 动作:正式发布百应AI3.0 范围:market=CN、channel=official、sku=百应AI3.0 时间:20
132,pos,0.88,0.0,1.0,0.95,1,,类型:other 阶段:effective 主体:哔哩哔哩 对象:build in bilibili · AI创造公开赛 动作:启动AI创造公开赛征集作品 范围:market=CN、channel=o,类型:other 阶段:effective 主体:哔哩哔哩 对象:AI创造公开赛 动作:启动AI创造公开赛 范围:market=CN、channel=official 时间:2026-06-01~20
133,pos,0.43,0.88,1.0,0.1,,,类型:financial_report 阶段:completed 主体:美团 对象:2026年第二季度财报 动作:发布2026年第二季度财报 范围:market=CN、channel=official,类型:financial_report 阶段:completed 主体:美团 对象:美团二季度财报 动作:发布二季度财报 范围:market=CN、channel=official 时间:2026-0
134,pos,0.73,0.0,1.0,0.0,,,类型:人事变动 阶段:effective 主体:魏思琪、小米 对象:小米中国区市场部总经理 动作:接替王腾担任小米中国区市场部总经理 范围:market=CN、channel=official 时间:,类型:人事变动 阶段:announced 主体:许斐、小米 对象:魏思琪 动作:宣布魏思琪成为新任中国区市场部总经理 范围:market=CN、channel=internal_meeting 时间:
151,pos,0.49,0.9,1.0,0.85,1,,类型:产品发布 阶段:planned 主体:启境 对象:启境GT7 动作:亮相北京车展 范围:market=CN、channel=exhibition、sku=启境GT7、location=北京 时间,类型:产品发布 阶段:planned 主体:启境 对象:启境GT7 动作:首次登陆北京车展并同步亮相启境GT7 范围:market=CN、channel=exhibition、sku=启境GT7、lo
152,pos,0.74,0.1,1.0,0.9,1,,类型:产品发布 阶段:announced 主体:小鹏汽车 对象:AI天玑系统 动作:宣布面向用户全量推送AI天玑系统 范围:market=CN、channel=official、sku=所有在售车型 ,类型:产品发布 阶段:completed 主体:小鹏汽车 对象:端到端大模型、人工智能天玑系统 动作:宣布端到端大模型量产上车，并面向用户全量推送人工智能天玑系统 范围:market=CN、chann
156,pos,0.57,0.0,1.0,0.2,,,类型:legal_action 阶段:completed 主体:国家市场监督管理总局 对象:京东 动作:对京东处以罚款 范围:market=CN 时间:2026-01-01~2026-03-31 [l,类型:legal_action 阶段:effective 主体:国家市场监督管理总局 对象:京东 动作:确认罚款 范围:market=CN 时间:2026-03-01~2026-03-31 [lega
167,pos,0.6,0.2,1.0,0.9,1,,类型:other 阶段:planned 主体:理想汽车 对象:无图NOA 动作:向全量AD Max用户推送无图NOA 范围:market=CN、channel=official、sku=AD Max ,类型:产品发布 阶段:completed 主体:理想汽车 对象:无图NOA 动作:推送无图NOA功能 范围:market=CN、channel=ota、sku=AD Max 时间:2024-07-01
172,pos,0.47,0.2,1.0,0.0,0,,类型:policy_change 阶段:announced 主体:广汽集团 对象:“智行2027”行动计划 动作:发布行动计划 范围:market=CN、channel=official 时间:202,类型:policy_change 阶段:announced 主体:广汽集团 对象:智能2027行动计划 动作:发布“智能2027”行动计划 范围:market=CN、channel=official、
174,pos,0.67,0.0,1.0,0.1,,,类型:sales_report 阶段:completed 主体:上汽集团 对象:整车 动作:公布2026年上半年累计销量 范围:market=CN、channel=official、sku=整车 时间,类型:sales_report 阶段:completed 主体:上汽集团 对象:整车 动作:累计销售整车204.5万辆 范围:market=CN、channel=official 时间:2026-01
175,pos,0.49,0.2,1.0,0.9,,,类型:产品发布 阶段:planned 主体:广汽集团 对象:全固态动力电池、昊铂车型 动作:预计装车搭载全固态电池 范围:market=CN、channel=official、sku=昊铂车型 时间:,类型:other 阶段:planned 主体:广汽集团 对象:昊铂、全固态电池 动作:计划打造全固态电池 范围:market=CN、channel=official、sku=昊铂车型 时间:2026-
184,pos,0.57,0.0,1.0,0.1,,,类型:sales_report 阶段:completed 主体:吉利汽车 对象:汽车 动作:披露2025年上半年产销数据 范围:market=CN、channel=official、sku=汽车 时间,类型:sales_report 阶段:completed 主体:吉利汽车 对象:汽车 动作:公布上半年累计销量 范围:market=CN 时间:2025-01-01~2025-06-30 [sales
187,pos,0.58,0.2,1.0,0.2,,,类型:policy_change 阶段:announced 主体:网易 对象:Zen事业部、阴阳师事业部 动作:将Zen事业部正式更名为阴阳师事业部 范围:market=CN、channel=inte,类型:policy_change 阶段:announced 主体:网易、金韬 对象:Zen事业部、阴阳师事业部 动作:事业部更名及负责人调整 范围:market=CN、channel=internal
195,pos,0.28,0.1,0.0,0.8,0,,类型:financial_report 阶段:planned 主体:腾讯 对象:2025年第一季度财报 动作:发布财报 范围:market=CN、channel=official 时间:2025-05,类型:financial_report 阶段:completed 主体:腾讯 对象:2025年第一季度财报 动作:发布2025年第一季度财务数据 范围:market=CN、channel=offici
201,pos,0.92,0.2,1.0,0.92,1,,类型:sales_report 阶段:completed 主体:上汽集团 对象:上汽集团 动作:公布1月销量 范围:market=CN、channel=official 时间:2026-01-01~2,类型:sales_report 阶段:completed 主体:上汽集团 对象:整车 动作:披露1月整车销量 范围:market=CN、channel=official、sku=整车 时间:2026-
204,pos,0.72,0.2,1.0,0.15,,,类型:sales_report 阶段:completed 主体:特斯拉 对象:全球电动车 动作:公布全球生产与交付量 范围:market=GLOBAL、channel=official、sku=Q2、,类型:sales_report 阶段:completed 主体:特斯拉 对象:汽车 动作:二季度汽车交付量同比下降13.5% 范围:market=Global、channel=official 时间:
205,pos,0.45,0.0,1.0,0.1,0,,"类型:产品发布 阶段:announced 主体:小鹏汽车 对象:小鹏G9、小鹏P7 动作:在埃及市场发布新款车型 范围:market=EG、channel=official、sku=小鹏G9, 小鹏P",类型:market_entry 阶段:completed 主体:小鹏汽车 对象:小鹏G9、小鹏P7 动作:进入埃及市场并发布小鹏G9、小鹏P7 范围:market=EG、channel=officia
209,pos,0.76,0.0,1.0,0.9,1,,类型:产品发布 阶段:planned 主体:科大讯飞 对象:星火X2.5（293B） 动作:发布基座模型 范围:market=CN、channel=official、sku=星火X2.5（293B） ,类型:产品发布 阶段:effective 主体:科大讯飞 对象:星火X2.5大模型 动作:正式发布星火X2.5大模型 范围:market=CN、channel=official、sku=星火X2.5 
249,pos,0.55,0.0,1.0,0.0,,,类型:sales_report 阶段:completed 主体:百度 对象:AI应用 动作:披露AI应用收入达26亿元 范围:market=CN、channel=official 时间:2025-11,类型:sales_report 阶段:completed 主体:百度 对象:AI业务 动作:披露AI业务收入同比增长超50% 范围:market=CN、channel=official 时间:2025
709,gray,0.55,0.25,1.0,0.3,,,类型:产品发布 阶段:announced 主体:理想汽车 对象:理想i8 动作:公布理想i8官图 范围:market=CN、channel=official、sku=理想i8 时间:2025-02-2,类型:产品发布 阶段:completed 主体:理想汽车 对象:理想i8 动作:官宣亮相 范围:market=CN、channel=official、sku=理想i8 时间:2025-02-25~20
715,gray,0.4,0.9,1.0,0.8,1,,类型:other 阶段:completed 主体:广汽菲克管理人 对象:广汽菲克长沙工厂 动作:首次拍卖结束 范围:market=CN、channel=京东资产交易平台、sku=广汽菲克长沙工厂、lo,类型:other 阶段:completed 主体:广汽菲克 对象:广汽菲克长沙工厂 动作:第一次公开拍卖流拍 范围:market=CN、channel=public_platform、sku=长沙工厂
717,gray,0.09,0.0,1.0,0.0,0,,类型:sales_report 阶段:completed 主体:Canalys 对象:中国大陆智能手机市场 动作:发布2024年第一季度中国智能手机市场调查报告 范围:market=CN、channe,类型:sales_report 阶段:completed 主体:Canalys 对象:华为手机 动作:报告华为手机一季度出货量增长情况 范围:market=CN、channel=official 时间
739,gray,0.3,0.9,1.0,0.0,,,类型:financial_report 阶段:completed 主体:理想汽车 对象:2024年第三季度财报 动作:发布2024年第三季度财报 范围:market=CN、channel=offici,类型:financial_report 阶段:completed 主体:理想汽车 对象:2024年第三季度财报 动作:披露2024年第三季度财报 范围:market=CN、channel=offici
750,gray,0.46,0.1,1.0,0.0,0,,类型:sales_report 阶段:completed 主体:上汽集团 对象:整车 动作:发布上半年产销快报 范围:market=CN、channel=official、sku=整车 时间:2024,类型:sales_report 阶段:completed 主体:上汽集团 对象:海外市场 动作:公布上半年海外市场终端交付量 范围:market=GLOBAL、channel=official、sku
761,gray,0.41,0.0,1.0,0.1,0,,类型:产品发布 阶段:effective 主体:特斯拉 对象:后轮驱动首发版、长续航全轮驱动首发版 动作:首发版车型上线 范围:market=CN、channel=official、sku=后轮驱动首,类型:产品发布 阶段:effective 主体:特斯拉 对象:焕新Model Y 动作:官网正式上线新款焕新Model Y并开启预订 范围:market=CN、channel=official、sku
791,gray,0.43,0.9,1.0,0.9,1,,类型:financial_report 阶段:planned 主体:理想汽车 对象:理想汽车 动作:预计第四季度营收 范围:market=CN 时间:2024-10-01~2024-12-31 [fi,类型:financial_report 阶段:planned 主体:理想汽车 对象:2024年四季度营收 动作:预计四季度营收 范围:market=CN 时间:2024-10-31~2024-11-0
805,gray,0.56,0.0,0.0,0.0,0,,类型:sales_report 阶段:completed 主体:理想汽车 对象:理想汽车 动作:公布9月交付数据 范围:market=CN、channel=official 时间:2024-10-01,类型:sales_report 阶段:completed 主体:理想汽车 对象:2024年第三季度交付数据 动作:公布2024年第三季度交付数据 范围:market=CN、channel=offici
806,gray,0.38,0.0,1.0,0.0,0,,类型:产品发布 阶段:announced 主体:宁德时代 对象:天行轻型商用车（L）-超充版、天行轻型商用车（L）-长续航版 动作:推出两款全新产品 范围:market=CN、channel=offi,类型:产品发布 阶段:announced 主体:宁德时代 对象:天行 动作:发布首个商用电池品牌 范围:market=CN、channel=official、sku=天行、location=福建宁德 
830,gray,0.71,0.2,1.0,0.1,,,类型:合作签约 阶段:announced 主体:淘宝、天猫 对象:微信支付 动作:计划新增微信支付能力 范围:market=CN、channel=official 时间:2024-09-04~2024,类型:合作签约 阶段:planned 主体:微信支付 对象:淘宝平台商户 动作:功能适配正在开通中 范围:market=CN、channel=official 时间:2024-09-04~2024-0
841,gray,0.57,0.0,1.0,0.85,1,,类型:policy_change 阶段:announced 主体:特斯拉 对象:Model Y 动作:推出购车金融政策 范围:market=CN、channel=official、sku=Model ,类型:policy_change 阶段:effective 主体:特斯拉 对象:焕新Model Y后轮驱动版 动作:推出金融政策 范围:market=CN、channel=official、sku=焕
849,gray,0.45,0.0,1.0,0.0,0,,类型:investment 阶段:announced 主体:京东 对象:股票 动作:表示将利用可转债发行加速股票回购 范围:market=US、channel=official 时间:2024-05-,类型:investment 阶段:announced 主体:京东 对象:17.5亿美元可换股优先票据 动作:宣布发售可换股优先票据 范围:market=US、channel=official 时间:2
850,gray,0.07,0.1,1.0,0.05,0,,类型:产品发布 阶段:completed 主体:联想集团 对象:AIPC 动作:发布真正意义上的AIPC 范围:market=GLOBAL、channel=official、sku=AIPC 时间:2,类型:产品发布 阶段:completed 主体:联想 对象:新品 动作:举办新品发布会 范围:market=CN、channel=official、location=北京 时间:2024-01-17~
898,gray,0.3,0.0,1.0,0.0,0,,类型:investment 阶段:announced 主体:京东 对象:股票 动作:表示将利用可转债发行加速股票回购 范围:market=US、channel=official 时间:2024-05-,类型:investment 阶段:announced 主体:京东 对象:可转债 动作:宣布拟发行可转债 范围:market=HK、channel=official、sku=17.5亿美元可转债 时间:
925,gray,0.73,0.0,1.0,0.85,1,,类型:financial_report 阶段:completed 主体:B站 对象:广告业务 动作:发布2024年二季度财报，广告收入同比增长30% 范围:market=CN 时间:2024-08-0,类型:financial_report 阶段:announced 主体:B站 对象:2024年Q2季度财报 动作:公布2024年Q2季度财报 范围:market=CN、channel=official
933,gray,0.63,0.2,1.0,0.9,1,,类型:investment 阶段:announced 主体:京东 对象:可转债 动作:宣布拟发行可转债 范围:market=HK、channel=official、sku=17.5亿美元可转债 时间:,类型:investment 阶段:announced 主体:京东 对象:17.5亿美元可换股优先票据 动作:宣布发售可换股优先票据 范围:market=US、channel=official 时间:2
950,gray,0.52,0.0,0.0,0.0,0,,类型:产品发布 阶段:effective 主体:小鹏汽车 对象:2025款小鹏G9 动作:正式上市发售 范围:market=CN、channel=official、sku=2025款小鹏G9、loca,类型:产品发布 阶段:effective 主体:小鹏汽车 对象:2025款小鹏G6、2025款小鹏G9 动作:正式上市发售 范围:market=CN、channel=official、sku=2025
965,gray,0.68,0.0,1.0,0.9,1,,类型:产品发布 阶段:planned 主体:荣耀 对象:荣耀Magic V3、荣耀平板Magic Pad2、荣耀MagicBook Art 14 动作:发布新品 范围:market=GLOBAL、ch,类型:产品发布 阶段:effective 主体:荣耀 对象:荣耀平板MagicPad2 动作:发布平板产品 范围:market=GLOBAL、channel=official、sku=荣耀平板Magi
967,gray,0.66,0.25,1.0,0.1,,,类型:产品发布 阶段:planned 主体:小米 对象:小米SU7 Ultra、小米15Ultra 动作:发布双Ultra产品 范围:market=CN、channel=official、sku=小米,类型:产品发布 阶段:planned 主体:小米集团 对象:小米15 Ultra、小米SU7 Ultra 动作:计划发布年度新品 范围:market=CN、channel=official、sku=小
984,gray,0.5,0.0,0.0,0.0,0,,类型:sales_report 阶段:completed 主体:小米 对象:SU7 Ultra 动作:大定订单突破6900辆 范围:market=CN、channel=official、sku=SU7,类型:sales_report 阶段:completed 主体:小米汽车 对象:SU7 Ultra 动作:大定订单突破15000台 范围:market=CN、channel=official、sku=
992,gray,0.23,0.0,1.0,0.8,,,类型:产品发布 阶段:effective 主体:特斯拉 对象:后轮驱动首发版、长续航全轮驱动首发版 动作:首发版车型上线 范围:market=CN、channel=official、sku=后轮驱动首,类型:产品发布 阶段:announced 主体:特斯拉 对象:2025款焕新版特斯拉Model Y 动作:正式登陆特斯拉中国官网 范围:market=CN、channel=official、sku=2
